"","wells","gwmean_well","gwvar_well"
"1","SLOC",-0.0155471952907741,9.51854293926173
"2","SLOW",0.456145439496916,8.69986451343452
"3","VDOS",1.67734473552808,5.9186716285501
"4","VDOW",1.60593994347728,5.5071567490765
